"filename", "language", "JavaScript React", "JavaScript", "CSS", "JSON", "Markdown", "XML", "comment", "blank", "total"
"/Users/brunopaula/Desktop/fmb/website/fmb/jsconfig.json", "JSON", 0, 0, 0, 5, 0, 0, 4, 0, 9
"/Users/brunopaula/Desktop/fmb/website/fmb/package.json", "JSON", 0, 0, 0, 32, 0, 0, 0, 1, 33
"/Users/brunopaula/Desktop/fmb/website/fmb/pages/404.js", "JavaScript", 0, 46, 0, 0, 0, 0, 0, 2, 48
"/Users/brunopaula/Desktop/fmb/website/fmb/pages/_app.js", "JavaScript", 0, 37, 0, 0, 0, 0, 1, 3, 41
"/Users/brunopaula/Desktop/fmb/website/fmb/pages/about.js", "JavaScript", 0, 34, 0, 0, 0, 0, 0, 3, 37
"/Users/brunopaula/Desktop/fmb/website/fmb/pages/api/hello.js", "JavaScript", 0, 3, 0, 0, 0, 0, 1, 2, 6
"/Users/brunopaula/Desktop/fmb/website/fmb/pages/blog-listing.js", "JavaScript", 0, 404, 0, 0, 0, 0, 0, 3, 407
"/Users/brunopaula/Desktop/fmb/website/fmb/pages/contacts.js", "JavaScript", 0, 190, 0, 0, 0, 0, 0, 3, 193
"/Users/brunopaula/Desktop/fmb/website/fmb/pages/demo-1.js", "JavaScript", 0, 40, 0, 0, 0, 0, 0, 3, 43
"/Users/brunopaula/Desktop/fmb/website/fmb/pages/demo-10.js", "JavaScript", 0, 45, 0, 0, 0, 0, 0, 2, 47
"/Users/brunopaula/Desktop/fmb/website/fmb/pages/demo-11.js", "JavaScript", 0, 38, 0, 0, 0, 0, 0, 3, 41
"/Users/brunopaula/Desktop/fmb/website/fmb/pages/demo-12.js", "JavaScript", 0, 47, 0, 0, 0, 0, 0, 2, 49
"/Users/brunopaula/Desktop/fmb/website/fmb/pages/demo-13.js", "JavaScript", 0, 47, 0, 0, 0, 0, 0, 2, 49
"/Users/brunopaula/Desktop/fmb/website/fmb/pages/demo-14.js", "JavaScript", 0, 46, 0, 0, 0, 0, 0, 2, 48
"/Users/brunopaula/Desktop/fmb/website/fmb/pages/demo-15.js", "JavaScript", 0, 45, 0, 0, 0, 0, 0, 2, 47
"/Users/brunopaula/Desktop/fmb/website/fmb/pages/demo-16.js", "JavaScript", 0, 37, 0, 0, 0, 0, 0, 2, 39
"/Users/brunopaula/Desktop/fmb/website/fmb/pages/demo-17.js", "JavaScript", 0, 33, 0, 0, 0, 0, 0, 2, 35
"/Users/brunopaula/Desktop/fmb/website/fmb/pages/demo-18.js", "JavaScript", 0, 40, 0, 0, 0, 0, 0, 2, 42
"/Users/brunopaula/Desktop/fmb/website/fmb/pages/demo-19.js", "JavaScript", 0, 39, 0, 0, 0, 0, 0, 2, 41
"/Users/brunopaula/Desktop/fmb/website/fmb/pages/demo-20.js", "JavaScript", 0, 44, 0, 0, 0, 0, 0, 2, 46
"/Users/brunopaula/Desktop/fmb/website/fmb/pages/demo-21.js", "JavaScript", 0, 45, 0, 0, 0, 0, 0, 2, 47
"/Users/brunopaula/Desktop/fmb/website/fmb/pages/demo-22.js", "JavaScript", 0, 33, 0, 0, 0, 0, 0, 2, 35
"/Users/brunopaula/Desktop/fmb/website/fmb/pages/demo-23.js", "JavaScript", 0, 39, 0, 0, 0, 0, 0, 2, 41
"/Users/brunopaula/Desktop/fmb/website/fmb/pages/demo-24.js", "JavaScript", 0, 43, 0, 0, 0, 0, 0, 2, 45
"/Users/brunopaula/Desktop/fmb/website/fmb/pages/demo-25.js", "JavaScript", 0, 45, 0, 0, 0, 0, 0, 3, 48
"/Users/brunopaula/Desktop/fmb/website/fmb/pages/demo-26.js", "JavaScript", 0, 44, 0, 0, 0, 0, 0, 2, 46
"/Users/brunopaula/Desktop/fmb/website/fmb/pages/demo-3.js", "JavaScript", 0, 44, 0, 0, 0, 0, 0, 3, 47
"/Users/brunopaula/Desktop/fmb/website/fmb/pages/demo-4.js", "JavaScript", 0, 48, 0, 0, 0, 0, 0, 3, 51
"/Users/brunopaula/Desktop/fmb/website/fmb/pages/demo-5.js", "JavaScript", 0, 35, 0, 0, 0, 0, 0, 3, 38
"/Users/brunopaula/Desktop/fmb/website/fmb/pages/demo-6.js", "JavaScript", 0, 46, 0, 0, 0, 0, 0, 3, 49
"/Users/brunopaula/Desktop/fmb/website/fmb/pages/demo-7.js", "JavaScript", 0, 48, 0, 0, 0, 0, 0, 3, 51
"/Users/brunopaula/Desktop/fmb/website/fmb/pages/demo-8.js", "JavaScript", 0, 43, 0, 0, 0, 0, 0, 3, 46
"/Users/brunopaula/Desktop/fmb/website/fmb/pages/demo-9.js", "JavaScript", 0, 42, 0, 0, 0, 0, 0, 3, 45
"/Users/brunopaula/Desktop/fmb/website/fmb/pages/download.js", "JavaScript", 0, 336, 0, 0, 0, 0, 0, 2, 338
"/Users/brunopaula/Desktop/fmb/website/fmb/pages/faqs.js", "JavaScript", 0, 312, 0, 0, 0, 0, 0, 10, 322
"/Users/brunopaula/Desktop/fmb/website/fmb/pages/faqs2.jsx", "JavaScript React", 142, 0, 0, 0, 0, 0, 5, 4, 151
"/Users/brunopaula/Desktop/fmb/website/fmb/pages/features.js", "JavaScript", 0, 41, 0, 0, 0, 0, 0, 3, 44
"/Users/brunopaula/Desktop/fmb/website/fmb/pages/index.jsx", "JavaScript React", 54, 0, 0, 0, 0, 0, 0, 4, 58
"/Users/brunopaula/Desktop/fmb/website/fmb/pages/pricing.js", "JavaScript", 0, 1013, 0, 0, 0, 0, 0, 4, 1017
"/Users/brunopaula/Desktop/fmb/website/fmb/pages/project-details.js", "JavaScript", 0, 202, 0, 0, 0, 0, 0, 3, 205
"/Users/brunopaula/Desktop/fmb/website/fmb/pages/projects.js", "JavaScript", 0, 368, 0, 0, 0, 0, 0, 3, 371
"/Users/brunopaula/Desktop/fmb/website/fmb/pages/single-post.js", "JavaScript", 0, 803, 0, 0, 0, 0, 0, 3, 806
"/Users/brunopaula/Desktop/fmb/website/fmb/pages/team.js", "JavaScript", 0, 683, 0, 0, 0, 0, 0, 3, 686
"/Users/brunopaula/Desktop/fmb/website/fmb/pages/terms.js", "JavaScript", 0, 510, 0, 0, 0, 0, 0, 3, 513
"/Users/brunopaula/Desktop/fmb/website/fmb/postcss.config.js", "JavaScript", 0, 6, 0, 0, 0, 0, 0, 1, 7
"/Users/brunopaula/Desktop/fmb/website/fmb/public/css/animate.css", "CSS", 0, 0, 1264, 0, 0, 0, 15, 315, 1594
"/Users/brunopaula/Desktop/fmb/website/fmb/public/css/bootstrap.min.css", "CSS", 0, 0, 2, 0, 0, 0, 5, 0, 7
"/Users/brunopaula/Desktop/fmb/website/fmb/public/css/dropdown-effects/fade-down.css", "CSS", 0, 0, 112, 0, 0, 0, 0, 8, 120
"/Users/brunopaula/Desktop/fmb/website/fmb/public/css/dropdown-effects/fade-left.css", "CSS", 0, 0, 108, 0, 0, 0, 0, 7, 115
"/Users/brunopaula/Desktop/fmb/website/fmb/public/css/dropdown-effects/fade-right.css", "CSS", 0, 0, 108, 0, 0, 0, 0, 7, 115
"/Users/brunopaula/Desktop/fmb/website/fmb/public/css/dropdown-effects/fade-up.css", "CSS", 0, 0, 108, 0, 0, 0, 0, 7, 115
"/Users/brunopaula/Desktop/fmb/website/fmb/public/css/dropdown-effects/rotate-x.css", "CSS", 0, 0, 84, 0, 0, 0, 0, 7, 91
"/Users/brunopaula/Desktop/fmb/website/fmb/public/css/dropdown-effects/rotate-y.css", "CSS", 0, 0, 86, 0, 0, 0, 0, 7, 93
"/Users/brunopaula/Desktop/fmb/website/fmb/public/css/flaticon.css", "CSS", 0, 0, 784, 0, 0, 0, 0, 3, 787
"/Users/brunopaula/Desktop/fmb/website/fmb/public/css/magnific-popup.css", "CSS", 0, 0, 307, 0, 0, 0, 12, 36, 355
"/Users/brunopaula/Desktop/fmb/website/fmb/public/css/menu.css", "CSS", 0, 0, 1303, 0, 0, 0, 72, 191, 1566
"/Users/brunopaula/Desktop/fmb/website/fmb/public/css/owl.carousel.min.css", "CSS", 0, 0, 1, 0, 0, 0, 5, 0, 6
"/Users/brunopaula/Desktop/fmb/website/fmb/public/css/owl.theme.default.min.css", "CSS", 0, 0, 1, 0, 0, 0, 5, 0, 6
"/Users/brunopaula/Desktop/fmb/website/fmb/public/css/responsive.css", "CSS", 0, 0, 13142, 0, 0, 0, 581, 1061, 14784
"/Users/brunopaula/Desktop/fmb/website/fmb/public/css/style.css", "CSS", 0, 0, 6511, 0, 0, 0, 695, 1166, 8372
"/Users/brunopaula/Desktop/fmb/website/fmb/public/demo/css/animate.css", "CSS", 0, 0, 1264, 0, 0, 0, 15, 315, 1594
"/Users/brunopaula/Desktop/fmb/website/fmb/public/demo/css/bootstrap.min.css", "CSS", 0, 0, 2, 0, 0, 0, 5, 0, 7
"/Users/brunopaula/Desktop/fmb/website/fmb/public/demo/css/dropdown-effects/fade-down.css", "CSS", 0, 0, 112, 0, 0, 0, 0, 8, 120
"/Users/brunopaula/Desktop/fmb/website/fmb/public/demo/css/dropdown-effects/fade-left.css", "CSS", 0, 0, 108, 0, 0, 0, 0, 7, 115
"/Users/brunopaula/Desktop/fmb/website/fmb/public/demo/css/dropdown-effects/fade-right.css", "CSS", 0, 0, 108, 0, 0, 0, 0, 7, 115
"/Users/brunopaula/Desktop/fmb/website/fmb/public/demo/css/dropdown-effects/fade-up.css", "CSS", 0, 0, 108, 0, 0, 0, 0, 7, 115
"/Users/brunopaula/Desktop/fmb/website/fmb/public/demo/css/dropdown-effects/rotate-x.css", "CSS", 0, 0, 84, 0, 0, 0, 0, 7, 91
"/Users/brunopaula/Desktop/fmb/website/fmb/public/demo/css/dropdown-effects/rotate-y.css", "CSS", 0, 0, 86, 0, 0, 0, 0, 7, 93
"/Users/brunopaula/Desktop/fmb/website/fmb/public/demo/css/menu.css", "CSS", 0, 0, 1160, 0, 0, 0, 72, 194, 1426
"/Users/brunopaula/Desktop/fmb/website/fmb/public/demo/css/style.css", "CSS", 0, 0, 1618, 0, 0, 0, 67, 1, 1686
"/Users/brunopaula/Desktop/fmb/website/fmb/public/demo/images/FMB-Logo-white.svg", "XML", 0, 0, 0, 0, 0, 1, 0, 0, 1
"/Users/brunopaula/Desktop/fmb/website/fmb/public/fonts/flaticon.svg", "XML", 0, 0, 0, 0, 0, 1548, 0, 1, 1549
"/Users/brunopaula/Desktop/fmb/website/fmb/public/images/logo/FMB-white.svg", "XML", 0, 0, 0, 0, 0, 1, 0, 0, 1
"/Users/brunopaula/Desktop/fmb/website/fmb/public/vercel.svg", "XML", 0, 0, 0, 0, 0, 4, 0, 0, 4
"/Users/brunopaula/Desktop/fmb/website/fmb/pull_request_template.md", "Markdown", 0, 0, 0, 0, 25, 0, 0, 11, 36
"/Users/brunopaula/Desktop/fmb/website/fmb/src/components/Blogs.js", "JavaScript", 0, 146, 0, 0, 0, 0, 0, 2, 148
"/Users/brunopaula/Desktop/fmb/website/fmb/src/components/Counter.js", "JavaScript", 0, 20, 0, 0, 0, 0, 0, 2, 22
"/Users/brunopaula/Desktop/fmb/website/fmb/src/components/CustomersReviews.js", "JavaScript", 0, 448, 0, 0, 0, 0, 0, 3, 451
"/Users/brunopaula/Desktop/fmb/website/fmb/src/components/Faq.js", "JavaScript", 0, 151, 0, 0, 0, 0, 0, 2, 153
"/Users/brunopaula/Desktop/fmb/website/fmb/src/components/Features.js", "JavaScript", 0, 92, 0, 0, 0, 0, 0, 2, 94
"/Users/brunopaula/Desktop/fmb/website/fmb/src/components/PowerfulFeatures.js", "JavaScript", 0, 81, 0, 0, 0, 0, 0, 2, 83
"/Users/brunopaula/Desktop/fmb/website/fmb/src/components/Price.js", "JavaScript", 0, 261, 0, 0, 0, 0, 0, 2, 263
"/Users/brunopaula/Desktop/fmb/website/fmb/src/components/ShareFiles.js", "JavaScript", 0, 52, 0, 0, 0, 0, 0, 2, 54
"/Users/brunopaula/Desktop/fmb/website/fmb/src/components/VideoContent.js", "JavaScript", 0, 75, 0, 0, 0, 0, 0, 5, 80
"/Users/brunopaula/Desktop/fmb/website/fmb/src/components/VideoPopup.js", "JavaScript", 0, 61, 0, 0, 0, 0, 0, 9, 70
"/Users/brunopaula/Desktop/fmb/website/fmb/src/components/about/About2.js", "JavaScript", 0, 54, 0, 0, 0, 0, 0, 2, 56
"/Users/brunopaula/Desktop/fmb/website/fmb/src/components/about/Aboutbrands2.js", "JavaScript", 0, 146, 0, 0, 0, 0, 0, 2, 148
"/Users/brunopaula/Desktop/fmb/website/fmb/src/components/about/Aboutcontent3.js", "JavaScript", 0, 106, 0, 0, 0, 0, 0, 2, 108
"/Users/brunopaula/Desktop/fmb/website/fmb/src/components/about/Aboutcontent5.js", "JavaScript", 0, 59, 0, 0, 0, 0, 0, 2, 61
"/Users/brunopaula/Desktop/fmb/website/fmb/src/components/about/Aboutcta5.js", "JavaScript", 0, 34, 0, 0, 0, 0, 0, 2, 36
"/Users/brunopaula/Desktop/fmb/website/fmb/src/components/about/Aboutfeatures4.js", "JavaScript", 0, 163, 0, 0, 0, 0, 0, 2, 165
"/Users/brunopaula/Desktop/fmb/website/fmb/src/components/about/Aboutfeatures8.js", "JavaScript", 0, 92, 0, 0, 0, 0, 0, 2, 94
"/Users/brunopaula/Desktop/fmb/website/fmb/src/components/about/Aboutreviews1.js", "JavaScript", 0, 402, 0, 0, 0, 0, 0, 3, 405
"/Users/brunopaula/Desktop/fmb/website/fmb/src/components/about/Aboutstatistic4.js", "JavaScript", 0, 68, 0, 0, 0, 0, 0, 3, 71
"/Users/brunopaula/Desktop/fmb/website/fmb/src/components/about/Aboutteam1.js", "JavaScript", 0, 212, 0, 0, 0, 0, 0, 2, 214
"/Users/brunopaula/Desktop/fmb/website/fmb/src/components/app/AppFeatures.jsx", "JavaScript React", 63, 0, 0, 0, 0, 0, 3, 4, 70
"/Users/brunopaula/Desktop/fmb/website/fmb/src/components/app/index.jsx", "JavaScript React", 1, 0, 0, 0, 0, 0, 0, 1, 2
"/Users/brunopaula/Desktop/fmb/website/fmb/src/components/counterWidget/Counter.jsx", "JavaScript React", 100, 0, 0, 0, 0, 0, 0, 7, 107
"/Users/brunopaula/Desktop/fmb/website/fmb/src/components/counterWidget/index.jsx", "JavaScript React", 1, 0, 0, 0, 0, 0, 0, 1, 2
"/Users/brunopaula/Desktop/fmb/website/fmb/src/components/features/Fbrands1.js", "JavaScript", 0, 136, 0, 0, 0, 0, 0, 3, 139
"/Users/brunopaula/Desktop/fmb/website/fmb/src/components/features/Fcontent1.js", "JavaScript", 0, 59, 0, 0, 0, 0, 0, 2, 61
"/Users/brunopaula/Desktop/fmb/website/fmb/src/components/features/Fcontent10.js", "JavaScript", 0, 35, 0, 0, 0, 0, 0, 3, 38
"/Users/brunopaula/Desktop/fmb/website/fmb/src/components/features/Fcontent2.js", "JavaScript", 0, 57, 0, 0, 0, 0, 0, 3, 60
"/Users/brunopaula/Desktop/fmb/website/fmb/src/components/features/Fcontent2a.js", "JavaScript", 0, 57, 0, 0, 0, 0, 0, 2, 59
"/Users/brunopaula/Desktop/fmb/website/fmb/src/components/features/Fcontent3.js", "JavaScript", 0, 167, 0, 0, 0, 0, 0, 3, 170
"/Users/brunopaula/Desktop/fmb/website/fmb/src/components/features/Fcontent7.js", "JavaScript", 0, 65, 0, 0, 0, 0, 0, 2, 67
"/Users/brunopaula/Desktop/fmb/website/fmb/src/components/features/Fcta3.js", "JavaScript", 0, 44, 0, 0, 0, 0, 0, 2, 46
"/Users/brunopaula/Desktop/fmb/website/fmb/src/components/features/Ffaqs2.js", "JavaScript", 0, 151, 0, 0, 0, 0, 0, 2, 153
"/Users/brunopaula/Desktop/fmb/website/fmb/src/components/features/Ffeatures4.js", "JavaScript", 0, 148, 0, 0, 0, 0, 0, 2, 150
"/Users/brunopaula/Desktop/fmb/website/fmb/src/components/features/Ffeatures8.js", "JavaScript", 0, 92, 0, 0, 0, 0, 0, 2, 94
"/Users/brunopaula/Desktop/fmb/website/fmb/src/components/features/Freviews1.js", "JavaScript", 0, 399, 0, 0, 0, 0, 0, 3, 402
"/Users/brunopaula/Desktop/fmb/website/fmb/src/components/features/Fstatistic2.js", "JavaScript", 0, 54, 0, 0, 0, 0, 0, 3, 57
"/Users/brunopaula/Desktop/fmb/website/fmb/src/components/features/Ftabs2.js", "JavaScript", 0, 83, 0, 0, 0, 0, 0, 2, 85
"/Users/brunopaula/Desktop/fmb/website/fmb/src/components/hero/Hero.jsx", "JavaScript React", 55, 0, 0, 0, 0, 0, 7, 3, 65
"/Users/brunopaula/Desktop/fmb/website/fmb/src/components/hero/Hero1.jsx", "JavaScript React", 41, 0, 0, 0, 0, 0, 0, 2, 43
"/Users/brunopaula/Desktop/fmb/website/fmb/src/components/hero/index.jsx", "JavaScript React", 1, 0, 0, 0, 0, 0, 0, 1, 2
"/Users/brunopaula/Desktop/fmb/website/fmb/src/components/howitworks/HowItWorks.jsx", "JavaScript React", 14, 0, 0, 0, 0, 0, 0, 2, 16
"/Users/brunopaula/Desktop/fmb/website/fmb/src/components/howitworks/howitworks.css", "CSS", 0, 0, 2, 0, 0, 0, 3, 2, 7
"/Users/brunopaula/Desktop/fmb/website/fmb/src/components/howitworks/index.jsx", "JavaScript React", 1, 0, 0, 0, 0, 0, 0, 1, 2
"/Users/brunopaula/Desktop/fmb/website/fmb/src/components/olmo/ShareFiles.js", "JavaScript", 0, 47, 0, 0, 0, 0, 0, 2, 49
"/Users/brunopaula/Desktop/fmb/website/fmb/src/components/olmo/demo1/Demo1Hero1.js", "JavaScript", 0, 68, 0, 0, 0, 0, 0, 3, 71
"/Users/brunopaula/Desktop/fmb/website/fmb/src/components/olmo/demo1/Demo1content1.js", "JavaScript", 0, 109, 0, 0, 0, 0, 0, 3, 112
"/Users/brunopaula/Desktop/fmb/website/fmb/src/components/olmo/demo1/Demo1content10.js", "JavaScript", 0, 65, 0, 0, 0, 0, 0, 3, 68
"/Users/brunopaula/Desktop/fmb/website/fmb/src/components/olmo/demo1/Demo1content2.js", "JavaScript", 0, 50, 0, 0, 0, 0, 0, 2, 52
"/Users/brunopaula/Desktop/fmb/website/fmb/src/components/olmo/demo1/Demo1content2a.js", "JavaScript", 0, 55, 0, 0, 0, 0, 0, 2, 57
"/Users/brunopaula/Desktop/fmb/website/fmb/src/components/olmo/demo1/Demo1content3.js", "JavaScript", 0, 141, 0, 0, 0, 0, 0, 2, 143
"/Users/brunopaula/Desktop/fmb/website/fmb/src/components/olmo/demo1/Demo1content4.js", "JavaScript", 0, 68, 0, 0, 0, 0, 0, 2, 70
"/Users/brunopaula/Desktop/fmb/website/fmb/src/components/olmo/demo1/Demo1content5.js", "JavaScript", 0, 91, 0, 0, 0, 0, 0, 2, 93
"/Users/brunopaula/Desktop/fmb/website/fmb/src/components/olmo/demo1/Demo1content6.js", "JavaScript", 0, 39, 0, 0, 0, 0, 0, 2, 41
"/Users/brunopaula/Desktop/fmb/website/fmb/src/components/olmo/demo1/Demo1content9.js", "JavaScript", 0, 32, 0, 0, 0, 0, 0, 3, 35
"/Users/brunopaula/Desktop/fmb/website/fmb/src/components/olmo/demo1/Demo1faqs2.js", "JavaScript", 0, 151, 0, 0, 0, 0, 0, 2, 153
"/Users/brunopaula/Desktop/fmb/website/fmb/src/components/olmo/demo1/Demo1features2.js", "JavaScript", 0, 88, 0, 0, 0, 0, 0, 2, 90
"/Users/brunopaula/Desktop/fmb/website/fmb/src/components/olmo/demo1/Demo1features8.js", "JavaScript", 0, 92, 0, 0, 0, 0, 0, 2, 94
"/Users/brunopaula/Desktop/fmb/website/fmb/src/components/olmo/demo1/Demo1reviews1.js", "JavaScript", 0, 373, 0, 0, 0, 0, 0, 2, 375
"/Users/brunopaula/Desktop/fmb/website/fmb/src/components/olmo/demo1/Demo1statistic2.js", "JavaScript", 0, 53, 0, 0, 0, 0, 0, 3, 56
"/Users/brunopaula/Desktop/fmb/website/fmb/src/components/olmo/demo10/Demo10blog1.js", "JavaScript", 0, 146, 0, 0, 0, 0, 0, 3, 149
"/Users/brunopaula/Desktop/fmb/website/fmb/src/components/olmo/demo10/Demo10brands2.js", "JavaScript", 0, 146, 0, 0, 0, 0, 0, 2, 148
"/Users/brunopaula/Desktop/fmb/website/fmb/src/components/olmo/demo10/Demo10content2.js", "JavaScript", 0, 59, 0, 0, 0, 0, 0, 3, 62
"/Users/brunopaula/Desktop/fmb/website/fmb/src/components/olmo/demo10/Demo10content3.js", "JavaScript", 0, 124, 0, 0, 0, 0, 0, 2, 126
"/Users/brunopaula/Desktop/fmb/website/fmb/src/components/olmo/demo10/Demo10content5.js", "JavaScript", 0, 61, 0, 0, 0, 0, 0, 2, 63
"/Users/brunopaula/Desktop/fmb/website/fmb/src/components/olmo/demo10/Demo10content6.js", "JavaScript", 0, 64, 0, 0, 0, 0, 0, 2, 66
"/Users/brunopaula/Desktop/fmb/website/fmb/src/components/olmo/demo10/Demo10content7.js", "JavaScript", 0, 65, 0, 0, 0, 0, 0, 2, 67
"/Users/brunopaula/Desktop/fmb/website/fmb/src/components/olmo/demo10/Demo10cta11.js", "JavaScript", 0, 46, 0, 0, 0, 0, 0, 2, 48
"/Users/brunopaula/Desktop/fmb/website/fmb/src/components/olmo/demo10/Demo10features4.js", "JavaScript", 0, 193, 0, 0, 0, 0, 0, 2, 195
"/Users/brunopaula/Desktop/fmb/website/fmb/src/components/olmo/demo10/Demo10hero10.js", "JavaScript", 0, 42, 0, 0, 0, 0, 0, 3, 45
"/Users/brunopaula/Desktop/fmb/website/fmb/src/components/olmo/demo10/Demo10newsletter2.js", "JavaScript", 0, 53, 0, 0, 0, 0, 0, 2, 55
"/Users/brunopaula/Desktop/fmb/website/fmb/src/components/olmo/demo10/Demo10reviews4.js", "JavaScript", 0, 372, 0, 0, 0, 0, 0, 3, 375
"/Users/brunopaula/Desktop/fmb/website/fmb/src/components/olmo/demo10/Demo10statistic2.js", "JavaScript", 0, 53, 0, 0, 0, 0, 0, 3, 56
"/Users/brunopaula/Desktop/fmb/website/fmb/src/components/olmo/demo11/Demo11brands2.js", "JavaScript", 0, 146, 0, 0, 0, 0, 0, 2, 148
"/Users/brunopaula/Desktop/fmb/website/fmb/src/components/olmo/demo11/Demo11content3.js", "JavaScript", 0, 124, 0, 0, 0, 0, 0, 2, 126
"/Users/brunopaula/Desktop/fmb/website/fmb/src/components/olmo/demo11/Demo11content5.js", "JavaScript", 0, 61, 0, 0, 0, 0, 0, 2, 63
"/Users/brunopaula/Desktop/fmb/website/fmb/src/components/olmo/demo11/Demo11content7.js", "JavaScript", 0, 65, 0, 0, 0, 0, 0, 2, 67
"/Users/brunopaula/Desktop/fmb/website/fmb/src/components/olmo/demo11/Demo11content9.js", "JavaScript", 0, 37, 0, 0, 0, 0, 0, 3, 40
"/Users/brunopaula/Desktop/fmb/website/fmb/src/components/olmo/demo11/Demo11cta9.js", "JavaScript", 0, 55, 0, 0, 0, 0, 0, 2, 57
"/Users/brunopaula/Desktop/fmb/website/fmb/src/components/olmo/demo11/Demo11features4.js", "JavaScript", 0, 148, 0, 0, 0, 0, 0, 2, 150
"/Users/brunopaula/Desktop/fmb/website/fmb/src/components/olmo/demo11/Demo11features8.js", "JavaScript", 0, 92, 0, 0, 0, 0, 0, 2, 94
"/Users/brunopaula/Desktop/fmb/website/fmb/src/components/olmo/demo11/Demo11hero11.js", "JavaScript", 0, 70, 0, 0, 0, 0, 0, 2, 72
"/Users/brunopaula/Desktop/fmb/website/fmb/src/components/olmo/demo11/Demo11reviews1.js", "JavaScript", 0, 402, 0, 0, 0, 0, 0, 3, 405
"/Users/brunopaula/Desktop/fmb/website/fmb/src/components/olmo/demo11/Demo11statistic2.js", "JavaScript", 0, 53, 0, 0, 0, 0, 0, 3, 56
"/Users/brunopaula/Desktop/fmb/website/fmb/src/components/olmo/demo12/Demo12blog1.js", "JavaScript", 0, 146, 0, 0, 0, 0, 0, 2, 148
"/Users/brunopaula/Desktop/fmb/website/fmb/src/components/olmo/demo12/Demo12brands2.js", "JavaScript", 0, 134, 0, 0, 0, 0, 0, 2, 136
"/Users/brunopaula/Desktop/fmb/website/fmb/src/components/olmo/demo12/Demo12content1.js", "JavaScript", 0, 71, 0, 0, 0, 0, 0, 2, 73
"/Users/brunopaula/Desktop/fmb/website/fmb/src/components/olmo/demo12/Demo12content2a.js", "JavaScript", 0, 65, 0, 0, 0, 0, 0, 2, 67
"/Users/brunopaula/Desktop/fmb/website/fmb/src/components/olmo/demo12/Demo12content3.js", "JavaScript", 0, 124, 0, 0, 0, 0, 0, 2, 126
"/Users/brunopaula/Desktop/fmb/website/fmb/src/components/olmo/demo12/Demo12content6.js", "JavaScript", 0, 64, 0, 0, 0, 0, 0, 2, 66
"/Users/brunopaula/Desktop/fmb/website/fmb/src/components/olmo/demo12/Demo12content7.js", "JavaScript", 0, 64, 0, 0, 0, 0, 0, 2, 66
"/Users/brunopaula/Desktop/fmb/website/fmb/src/components/olmo/demo12/Demo12cta11.js", "JavaScript", 0, 46, 0, 0, 0, 0, 0, 2, 48
"/Users/brunopaula/Desktop/fmb/website/fmb/src/components/olmo/demo12/Demo12faqs2.js", "JavaScript", 0, 151, 0, 0, 0, 0, 0, 2, 153
"/Users/brunopaula/Desktop/fmb/website/fmb/src/components/olmo/demo12/Demo12features4.js", "JavaScript", 0, 151, 0, 0, 0, 0, 0, 2, 153
"/Users/brunopaula/Desktop/fmb/website/fmb/src/components/olmo/demo12/Demo12features8.js", "JavaScript", 0, 92, 0, 0, 0, 0, 0, 2, 94
"/Users/brunopaula/Desktop/fmb/website/fmb/src/components/olmo/demo12/Demo12hero12.js", "JavaScript", 0, 46, 0, 0, 0, 0, 0, 3, 49
"/Users/brunopaula/Desktop/fmb/website/fmb/src/components/olmo/demo12/Demo12newsletter2.js", "JavaScript", 0, 53, 0, 0, 0, 0, 0, 2, 55
"/Users/brunopaula/Desktop/fmb/website/fmb/src/components/olmo/demo12/Demo12projects2.js", "JavaScript", 0, 208, 0, 0, 0, 0, 0, 3, 211
"/Users/brunopaula/Desktop/fmb/website/fmb/src/components/olmo/demo12/Demo12reviews1.js", "JavaScript", 0, 402, 0, 0, 0, 0, 0, 3, 405
"/Users/brunopaula/Desktop/fmb/website/fmb/src/components/olmo/demo12/Demo12statistic2.js", "JavaScript", 0, 53, 0, 0, 0, 0, 0, 3, 56
"/Users/brunopaula/Desktop/fmb/website/fmb/src/components/olmo/demo13/Demo13brands2.js", "JavaScript", 0, 146, 0, 0, 0, 0, 0, 2, 148
"/Users/brunopaula/Desktop/fmb/website/fmb/src/components/olmo/demo13/Demo13content2.js", "JavaScript", 0, 57, 0, 0, 0, 0, 0, 2, 59
"/Users/brunopaula/Desktop/fmb/website/fmb/src/components/olmo/demo13/Demo13content3.js", "JavaScript", 0, 122, 0, 0, 0, 0, 0, 2, 124
"/Users/brunopaula/Desktop/fmb/website/fmb/src/components/olmo/demo13/Demo13content5.js", "JavaScript", 0, 59, 0, 0, 0, 0, 0, 2, 61
"/Users/brunopaula/Desktop/fmb/website/fmb/src/components/olmo/demo13/Demo13content6.js", "JavaScript", 0, 64, 0, 0, 0, 0, 0, 2, 66
"/Users/brunopaula/Desktop/fmb/website/fmb/src/components/olmo/demo13/Demo13content9.js", "JavaScript", 0, 35, 0, 0, 0, 0, 0, 3, 38
"/Users/brunopaula/Desktop/fmb/website/fmb/src/components/olmo/demo13/Demo13cta6.js", "JavaScript", 0, 49, 0, 0, 0, 0, 0, 2, 51
"/Users/brunopaula/Desktop/fmb/website/fmb/src/components/olmo/demo13/Demo13faqs2.js", "JavaScript", 0, 151, 0, 0, 0, 0, 0, 2, 153
"/Users/brunopaula/Desktop/fmb/website/fmb/src/components/olmo/demo13/Demo13features1.js", "JavaScript", 0, 88, 0, 0, 0, 0, 0, 2, 90
"/Users/brunopaula/Desktop/fmb/website/fmb/src/components/olmo/demo13/Demo13features4.js", "JavaScript", 0, 148, 0, 0, 0, 0, 0, 2, 150
"/Users/brunopaula/Desktop/fmb/website/fmb/src/components/olmo/demo13/Demo13features8.js", "JavaScript", 0, 92, 0, 0, 0, 0, 0, 2, 94
"/Users/brunopaula/Desktop/fmb/website/fmb/src/components/olmo/demo13/Demo13hero13.js", "JavaScript", 0, 55, 0, 0, 0, 0, 0, 3, 58
"/Users/brunopaula/Desktop/fmb/website/fmb/src/components/olmo/demo13/Demo13pricing3.js", "JavaScript", 0, 202, 0, 0, 0, 0, 0, 2, 204
"/Users/brunopaula/Desktop/fmb/website/fmb/src/components/olmo/demo13/Demo13projects2.js", "JavaScript", 0, 208, 0, 0, 0, 0, 0, 3, 211
"/Users/brunopaula/Desktop/fmb/website/fmb/src/components/olmo/demo13/Demo13reviews1.js", "JavaScript", 0, 399, 0, 0, 0, 0, 0, 4, 403
"/Users/brunopaula/Desktop/fmb/website/fmb/src/components/olmo/demo13/Demo13statistic1.js", "JavaScript", 0, 68, 0, 0, 0, 0, 0, 3, 71
"/Users/brunopaula/Desktop/fmb/website/fmb/src/components/olmo/demo13/Demo13statistic2.js", "JavaScript", 0, 53, 0, 0, 0, 0, 0, 3, 56
"/Users/brunopaula/Desktop/fmb/website/fmb/src/components/olmo/demo14/Demo14brands2.js", "JavaScript", 0, 146, 0, 0, 0, 0, 0, 2, 148
"/Users/brunopaula/Desktop/fmb/website/fmb/src/components/olmo/demo14/Demo14content1.js", "JavaScript", 0, 65, 0, 0, 0, 0, 0, 2, 67
"/Users/brunopaula/Desktop/fmb/website/fmb/src/components/olmo/demo14/Demo14content10.js", "JavaScript", 0, 68, 0, 0, 0, 0, 0, 3, 71
"/Users/brunopaula/Desktop/fmb/website/fmb/src/components/olmo/demo14/Demo14content2.js", "JavaScript", 0, 79, 0, 0, 0, 0, 0, 2, 81
"/Users/brunopaula/Desktop/fmb/website/fmb/src/components/olmo/demo14/Demo14content3.js", "JavaScript", 0, 109, 0, 0, 0, 0, 0, 2, 111
"/Users/brunopaula/Desktop/fmb/website/fmb/src/components/olmo/demo14/Demo14content4.js", "JavaScript", 0, 70, 0, 0, 0, 0, 6, 2, 78
"/Users/brunopaula/Desktop/fmb/website/fmb/src/components/olmo/demo14/Demo14content6.js", "JavaScript", 0, 64, 0, 0, 0, 0, 0, 2, 66
"/Users/brunopaula/Desktop/fmb/website/fmb/src/components/olmo/demo14/Demo14content7.js", "JavaScript", 0, 63, 0, 0, 0, 0, 0, 2, 65
"/Users/brunopaula/Desktop/fmb/website/fmb/src/components/olmo/demo14/Demo14faqs2.js", "JavaScript", 0, 151, 0, 0, 0, 0, 0, 2, 153
"/Users/brunopaula/Desktop/fmb/website/fmb/src/components/olmo/demo14/Demo14features4.js", "JavaScript", 0, 163, 0, 0, 0, 0, 0, 2, 165
"/Users/brunopaula/Desktop/fmb/website/fmb/src/components/olmo/demo14/Demo14features8.js", "JavaScript", 0, 95, 0, 0, 0, 0, 0, 2, 97
"/Users/brunopaula/Desktop/fmb/website/fmb/src/components/olmo/demo14/Demo14hero14.js", "JavaScript", 0, 56, 0, 0, 0, 0, 6, 2, 64
"/Users/brunopaula/Desktop/fmb/website/fmb/src/components/olmo/demo14/Demo14pricing1.js", "JavaScript", 0, 121, 0, 0, 0, 0, 0, 2, 123
"/Users/brunopaula/Desktop/fmb/website/fmb/src/components/olmo/demo14/Demo14reviews1.js", "JavaScript", 0, 402, 0, 0, 0, 0, 0, 3, 405
"/Users/brunopaula/Desktop/fmb/website/fmb/src/components/olmo/demo14/Demo14statistic2.js", "JavaScript", 0, 53, 0, 0, 0, 0, 0, 3, 56
"/Users/brunopaula/Desktop/fmb/website/fmb/src/components/olmo/demo15/Demo15blog1.js", "JavaScript", 0, 146, 0, 0, 0, 0, 0, 2, 148
"/Users/brunopaula/Desktop/fmb/website/fmb/src/components/olmo/demo15/Demo15brands1.js", "JavaScript", 0, 133, 0, 0, 0, 0, 0, 3, 136
"/Users/brunopaula/Desktop/fmb/website/fmb/src/components/olmo/demo15/Demo15content2.js", "JavaScript", 0, 59, 0, 0, 0, 0, 0, 2, 61
"/Users/brunopaula/Desktop/fmb/website/fmb/src/components/olmo/demo15/Demo15content3.js", "JavaScript", 0, 123, 0, 0, 0, 0, 0, 2, 125
"/Users/brunopaula/Desktop/fmb/website/fmb/src/components/olmo/demo15/Demo15content5.js", "JavaScript", 0, 61, 0, 0, 0, 0, 0, 2, 63
"/Users/brunopaula/Desktop/fmb/website/fmb/src/components/olmo/demo15/Demo15content6.js", "JavaScript", 0, 64, 0, 0, 0, 0, 0, 2, 66
"/Users/brunopaula/Desktop/fmb/website/fmb/src/components/olmo/demo15/Demo15content9.js", "JavaScript", 0, 37, 0, 0, 0, 0, 0, 3, 40
"/Users/brunopaula/Desktop/fmb/website/fmb/src/components/olmo/demo15/Demo15cta11.js", "JavaScript", 0, 46, 0, 0, 0, 0, 0, 2, 48
"/Users/brunopaula/Desktop/fmb/website/fmb/src/components/olmo/demo15/Demo15faqs2.js", "JavaScript", 0, 151, 0, 0, 0, 0, 0, 2, 153
"/Users/brunopaula/Desktop/fmb/website/fmb/src/components/olmo/demo15/Demo15features5.js", "JavaScript", 0, 78, 0, 0, 0, 0, 0, 2, 80
"/Users/brunopaula/Desktop/fmb/website/fmb/src/components/olmo/demo15/Demo15features7.js", "JavaScript", 0, 105, 0, 0, 0, 0, 0, 2, 107
"/Users/brunopaula/Desktop/fmb/website/fmb/src/components/olmo/demo15/Demo15hero15.js", "JavaScript", 0, 46, 0, 0, 0, 0, 0, 3, 49
"/Users/brunopaula/Desktop/fmb/website/fmb/src/components/olmo/demo15/Demo15projects2.js", "JavaScript", 0, 208, 0, 0, 0, 0, 0, 2, 210
"/Users/brunopaula/Desktop/fmb/website/fmb/src/components/olmo/demo15/Demo15reviews2.js", "JavaScript", 0, 164, 0, 0, 0, 0, 0, 2, 166
"/Users/brunopaula/Desktop/fmb/website/fmb/src/components/olmo/demo15/Demo15statistic2.js", "JavaScript", 0, 53, 0, 0, 0, 0, 0, 3, 56
"/Users/brunopaula/Desktop/fmb/website/fmb/src/components/olmo/demo16/Demo16content1.js", "JavaScript", 0, 51, 0, 0, 0, 0, 0, 2, 53
"/Users/brunopaula/Desktop/fmb/website/fmb/src/components/olmo/demo16/Demo16content10.js", "JavaScript", 0, 64, 0, 0, 0, 0, 0, 3, 67
"/Users/brunopaula/Desktop/fmb/website/fmb/src/components/olmo/demo16/Demo16content2.js", "JavaScript", 0, 51, 0, 0, 0, 0, 0, 2, 53
"/Users/brunopaula/Desktop/fmb/website/fmb/src/components/olmo/demo16/Demo16content3.js", "JavaScript", 0, 138, 0, 0, 0, 0, 0, 2, 140
"/Users/brunopaula/Desktop/fmb/website/fmb/src/components/olmo/demo16/Demo16content5.js", "JavaScript", 0, 82, 0, 0, 0, 0, 6, 2, 90
"/Users/brunopaula/Desktop/fmb/website/fmb/src/components/olmo/demo16/Demo16content6.js", "JavaScript", 0, 64, 0, 0, 0, 0, 0, 2, 66
"/Users/brunopaula/Desktop/fmb/website/fmb/src/components/olmo/demo16/Demo16content9.js", "JavaScript", 0, 37, 0, 0, 0, 0, 0, 3, 40
"/Users/brunopaula/Desktop/fmb/website/fmb/src/components/olmo/demo16/Demo16features4.js", "JavaScript", 0, 104, 0, 0, 0, 0, 0, 2, 106
"/Users/brunopaula/Desktop/fmb/website/fmb/src/components/olmo/demo16/Demo16features8.js", "JavaScript", 0, 92, 0, 0, 0, 0, 0, 2, 94
"/Users/brunopaula/Desktop/fmb/website/fmb/src/components/olmo/demo16/Demo16hero16.js", "JavaScript", 0, 73, 0, 0, 0, 0, 6, 2, 81
"/Users/brunopaula/Desktop/fmb/website/fmb/src/components/olmo/demo16/Demo16reviews4.js", "JavaScript", 0, 375, 0, 0, 0, 0, 0, 3, 378
"/Users/brunopaula/Desktop/fmb/website/fmb/src/components/olmo/demo16/Demo16statistic2.js", "JavaScript", 0, 53, 0, 0, 0, 0, 0, 3, 56
"/Users/brunopaula/Desktop/fmb/website/fmb/src/components/olmo/demo17/Demo17brands1.js", "JavaScript", 0, 133, 0, 0, 0, 0, 0, 3, 136
"/Users/brunopaula/Desktop/fmb/website/fmb/src/components/olmo/demo17/Demo17content10.js", "JavaScript", 0, 64, 0, 0, 0, 0, 0, 3, 67
"/Users/brunopaula/Desktop/fmb/website/fmb/src/components/olmo/demo17/Demo17content2.js", "JavaScript", 0, 47, 0, 0, 0, 0, 0, 2, 49
"/Users/brunopaula/Desktop/fmb/website/fmb/src/components/olmo/demo17/Demo17content2a.js", "JavaScript", 0, 55, 0, 0, 0, 0, 0, 2, 57
"/Users/brunopaula/Desktop/fmb/website/fmb/src/components/olmo/demo17/Demo17content3.js", "JavaScript", 0, 134, 0, 0, 0, 0, 0, 2, 136
"/Users/brunopaula/Desktop/fmb/website/fmb/src/components/olmo/demo17/Demo17content9.js", "JavaScript", 0, 32, 0, 0, 0, 0, 0, 3, 35
"/Users/brunopaula/Desktop/fmb/website/fmb/src/components/olmo/demo17/Demo17cta9.js", "JavaScript", 0, 57, 0, 0, 0, 0, 0, 2, 59
"/Users/brunopaula/Desktop/fmb/website/fmb/src/components/olmo/demo17/Demo17faqs2.js", "JavaScript", 0, 151, 0, 0, 0, 0, 0, 2, 153
"/Users/brunopaula/Desktop/fmb/website/fmb/src/components/olmo/demo17/Demo17features8.js", "JavaScript", 0, 92, 0, 0, 0, 0, 0, 2, 94
"/Users/brunopaula/Desktop/fmb/website/fmb/src/components/olmo/demo17/Demo17hero17.js", "JavaScript", 0, 81, 0, 0, 0, 0, 0, 2, 83
"/Users/brunopaula/Desktop/fmb/website/fmb/src/components/olmo/demo17/Demo17reviews1.js", "JavaScript", 0, 402, 0, 0, 0, 0, 0, 3, 405
"/Users/brunopaula/Desktop/fmb/website/fmb/src/components/olmo/demo17/Demo17statistic2.js", "JavaScript", 0, 53, 0, 0, 0, 0, 0, 3, 56
"/Users/brunopaula/Desktop/fmb/website/fmb/src/components/olmo/demo18/Demo18brands2.js", "JavaScript", 0, 146, 0, 0, 0, 0, 0, 2, 148
"/Users/brunopaula/Desktop/fmb/website/fmb/src/components/olmo/demo18/Demo18content1.js", "JavaScript", 0, 59, 0, 0, 0, 0, 0, 2, 61
"/Users/brunopaula/Desktop/fmb/website/fmb/src/components/olmo/demo18/Demo18content10.js", "JavaScript", 0, 58, 0, 0, 0, 0, 0, 3, 61
"/Users/brunopaula/Desktop/fmb/website/fmb/src/components/olmo/demo18/Demo18content2.js", "JavaScript", 0, 80, 0, 0, 0, 0, 0, 2, 82
"/Users/brunopaula/Desktop/fmb/website/fmb/src/components/olmo/demo18/Demo18content3.js", "JavaScript", 0, 106, 0, 0, 0, 0, 0, 2, 108
"/Users/brunopaula/Desktop/fmb/website/fmb/src/components/olmo/demo18/Demo18content5.js", "JavaScript", 0, 54, 0, 0, 0, 0, 0, 2, 56
"/Users/brunopaula/Desktop/fmb/website/fmb/src/components/olmo/demo18/Demo18content6.js", "JavaScript", 0, 45, 0, 0, 0, 0, 0, 2, 47
"/Users/brunopaula/Desktop/fmb/website/fmb/src/components/olmo/demo18/Demo18cta1.js", "JavaScript", 0, 40, 0, 0, 0, 0, 0, 2, 42
"/Users/brunopaula/Desktop/fmb/website/fmb/src/components/olmo/demo18/Demo18faqs2.js", "JavaScript", 0, 151, 0, 0, 0, 0, 0, 2, 153
"/Users/brunopaula/Desktop/fmb/website/fmb/src/components/olmo/demo18/Demo18features1.js", "JavaScript", 0, 106, 0, 0, 0, 0, 0, 2, 108
"/Users/brunopaula/Desktop/fmb/website/fmb/src/components/olmo/demo18/Demo18features4.js", "JavaScript", 0, 164, 0, 0, 0, 0, 0, 2, 166
"/Users/brunopaula/Desktop/fmb/website/fmb/src/components/olmo/demo18/Demo18hero18.js", "JavaScript", 0, 88, 0, 0, 0, 0, 0, 2, 90
"/Users/brunopaula/Desktop/fmb/website/fmb/src/components/olmo/demo18/Demo18pricing3.js", "JavaScript", 0, 202, 0, 0, 0, 0, 0, 2, 204
"/Users/brunopaula/Desktop/fmb/website/fmb/src/components/olmo/demo18/Demo18reviews3.js", "JavaScript", 0, 120, 0, 0, 0, 0, 0, 2, 122
"/Users/brunopaula/Desktop/fmb/website/fmb/src/components/olmo/demo18/Demo18statistic4.js", "JavaScript", 0, 71, 0, 0, 0, 0, 0, 3, 74
"/Users/brunopaula/Desktop/fmb/website/fmb/src/components/olmo/demo19/Demo19brands1.js", "JavaScript", 0, 124, 0, 0, 0, 0, 0, 3, 127
"/Users/brunopaula/Desktop/fmb/website/fmb/src/components/olmo/demo19/Demo19content1.js", "JavaScript", 0, 65, 0, 0, 0, 0, 0, 2, 67
"/Users/brunopaula/Desktop/fmb/website/fmb/src/components/olmo/demo19/Demo19content10.js", "JavaScript", 0, 46, 0, 0, 0, 0, 0, 3, 49
"/Users/brunopaula/Desktop/fmb/website/fmb/src/components/olmo/demo19/Demo19content2.js", "JavaScript", 0, 51, 0, 0, 0, 0, 0, 2, 53
"/Users/brunopaula/Desktop/fmb/website/fmb/src/components/olmo/demo19/Demo19content2a.js", "JavaScript", 0, 57, 0, 0, 0, 0, 0, 2, 59
"/Users/brunopaula/Desktop/fmb/website/fmb/src/components/olmo/demo19/Demo19content3.js", "JavaScript", 0, 121, 0, 0, 0, 0, 0, 2, 123
"/Users/brunopaula/Desktop/fmb/website/fmb/src/components/olmo/demo19/Demo19content5.js", "JavaScript", 0, 56, 0, 0, 0, 0, 0, 2, 58
"/Users/brunopaula/Desktop/fmb/website/fmb/src/components/olmo/demo19/Demo19content6.js", "JavaScript", 0, 65, 0, 0, 0, 0, 0, 2, 67
"/Users/brunopaula/Desktop/fmb/website/fmb/src/components/olmo/demo19/Demo19cta3.js", "JavaScript", 0, 42, 0, 0, 0, 0, 0, 2, 44
"/Users/brunopaula/Desktop/fmb/website/fmb/src/components/olmo/demo19/Demo19faqs2.js", "JavaScript", 0, 151, 0, 0, 0, 0, 0, 2, 153
"/Users/brunopaula/Desktop/fmb/website/fmb/src/components/olmo/demo19/Demo19features4.js", "JavaScript", 0, 104, 0, 0, 0, 0, 0, 2, 106
"/Users/brunopaula/Desktop/fmb/website/fmb/src/components/olmo/demo19/Demo19features8.js", "JavaScript", 0, 92, 0, 0, 0, 0, 0, 2, 94
"/Users/brunopaula/Desktop/fmb/website/fmb/src/components/olmo/demo19/Demo19hero19.js", "JavaScript", 0, 68, 0, 0, 0, 0, 0, 2, 70
"/Users/brunopaula/Desktop/fmb/website/fmb/src/components/olmo/demo19/Demo19reviews1.js", "JavaScript", 0, 402, 0, 0, 0, 0, 0, 3, 405
"/Users/brunopaula/Desktop/fmb/website/fmb/src/components/olmo/demo19/Demo19statistic3.js", "JavaScript", 0, 78, 0, 0, 0, 0, 0, 3, 81
"/Users/brunopaula/Desktop/fmb/website/fmb/src/components/olmo/demo2/Demo2blog1.js", "JavaScript", 0, 146, 0, 0, 0, 0, 0, 3, 149
"/Users/brunopaula/Desktop/fmb/website/fmb/src/components/olmo/demo2/Demo2brands2.js", "JavaScript", 0, 146, 0, 0, 0, 0, 0, 2, 148
"/Users/brunopaula/Desktop/fmb/website/fmb/src/components/olmo/demo2/Demo2content1.js", "JavaScript", 0, 59, 0, 0, 0, 0, 0, 2, 61
"/Users/brunopaula/Desktop/fmb/website/fmb/src/components/olmo/demo2/Demo2content10.js", "JavaScript", 0, 61, 0, 0, 0, 0, 0, 3, 64
"/Users/brunopaula/Desktop/fmb/website/fmb/src/components/olmo/demo2/Demo2content2.js", "JavaScript", 0, 51, 0, 0, 0, 0, 0, 2, 53
"/Users/brunopaula/Desktop/fmb/website/fmb/src/components/olmo/demo2/Demo2content3.js", "JavaScript", 0, 139, 0, 0, 0, 0, 0, 3, 142
"/Users/brunopaula/Desktop/fmb/website/fmb/src/components/olmo/demo2/Demo2content4.js", "JavaScript", 0, 74, 0, 0, 0, 0, 6, 2, 82
"/Users/brunopaula/Desktop/fmb/website/fmb/src/components/olmo/demo2/Demo2content5.js", "JavaScript", 0, 51, 0, 0, 0, 0, 0, 4, 55
"/Users/brunopaula/Desktop/fmb/website/fmb/src/components/olmo/demo2/Demo2content6.js", "JavaScript", 0, 64, 0, 0, 0, 0, 0, 2, 66
"/Users/brunopaula/Desktop/fmb/website/fmb/src/components/olmo/demo2/Demo2faqs2.js", "JavaScript", 0, 151, 0, 0, 0, 0, 0, 2, 153
"/Users/brunopaula/Desktop/fmb/website/fmb/src/components/olmo/demo2/Demo2features4.js", "JavaScript", 0, 204, 0, 0, 0, 0, 0, 4, 208
"/Users/brunopaula/Desktop/fmb/website/fmb/src/components/olmo/demo2/Demo2features8.js", "JavaScript", 0, 95, 0, 0, 0, 0, 0, 2, 97
"/Users/brunopaula/Desktop/fmb/website/fmb/src/components/olmo/demo2/Demo2newsletter2.js", "JavaScript", 0, 53, 0, 0, 0, 0, 0, 2, 55
"/Users/brunopaula/Desktop/fmb/website/fmb/src/components/olmo/demo2/Demo2reviews4.js", "JavaScript", 0, 343, 0, 0, 0, 0, 0, 2, 345
"/Users/brunopaula/Desktop/fmb/website/fmb/src/components/olmo/demo2/Demo2statistic2.js", "JavaScript", 0, 53, 0, 0, 0, 0, 0, 3, 56
"/Users/brunopaula/Desktop/fmb/website/fmb/src/components/olmo/demo20/Demo20brands2.js", "JavaScript", 0, 146, 0, 0, 0, 0, 0, 2, 148
"/Users/brunopaula/Desktop/fmb/website/fmb/src/components/olmo/demo20/Demo20content1.js", "JavaScript", 0, 65, 0, 0, 0, 0, 0, 2, 67
"/Users/brunopaula/Desktop/fmb/website/fmb/src/components/olmo/demo20/Demo20content10.js", "JavaScript", 0, 40, 0, 0, 0, 0, 0, 2, 42
"/Users/brunopaula/Desktop/fmb/website/fmb/src/components/olmo/demo20/Demo20content2.js", "JavaScript", 0, 51, 0, 0, 0, 0, 0, 2, 53
"/Users/brunopaula/Desktop/fmb/website/fmb/src/components/olmo/demo20/Demo20content3.js", "JavaScript", 0, 123, 0, 0, 0, 0, 0, 2, 125
"/Users/brunopaula/Desktop/fmb/website/fmb/src/components/olmo/demo20/Demo20content6.js", "JavaScript", 0, 43, 0, 0, 0, 0, 0, 2, 45
"/Users/brunopaula/Desktop/fmb/website/fmb/src/components/olmo/demo20/Demo20content7.js", "JavaScript", 0, 52, 0, 0, 0, 0, 0, 2, 54
"/Users/brunopaula/Desktop/fmb/website/fmb/src/components/olmo/demo20/Demo20cta3.js", "JavaScript", 0, 44, 0, 0, 0, 0, 0, 2, 46
"/Users/brunopaula/Desktop/fmb/website/fmb/src/components/olmo/demo20/Demo20faqs2.js", "JavaScript", 0, 151, 0, 0, 0, 0, 0, 2, 153
"/Users/brunopaula/Desktop/fmb/website/fmb/src/components/olmo/demo20/Demo20features2.js", "JavaScript", 0, 88, 0, 0, 0, 0, 0, 2, 90
"/Users/brunopaula/Desktop/fmb/website/fmb/src/components/olmo/demo20/Demo20features4.js", "JavaScript", 0, 191, 0, 0, 0, 0, 0, 2, 193
"/Users/brunopaula/Desktop/fmb/website/fmb/src/components/olmo/demo20/Demo20features8.js", "JavaScript", 0, 92, 0, 0, 0, 0, 0, 2, 94
"/Users/brunopaula/Desktop/fmb/website/fmb/src/components/olmo/demo20/Demo20hero20.js", "JavaScript", 0, 42, 0, 0, 0, 0, 0, 3, 45
"/Users/brunopaula/Desktop/fmb/website/fmb/src/components/olmo/demo20/Demo20reviews4.js", "JavaScript", 0, 372, 0, 0, 0, 0, 0, 3, 375
"/Users/brunopaula/Desktop/fmb/website/fmb/src/components/olmo/demo20/Demo20statistic4.js", "JavaScript", 0, 68, 0, 0, 0, 0, 0, 3, 71
"/Users/brunopaula/Desktop/fmb/website/fmb/src/components/olmo/demo21/Demo21blog1.js", "JavaScript", 0, 146, 0, 0, 0, 0, 0, 3, 149
"/Users/brunopaula/Desktop/fmb/website/fmb/src/components/olmo/demo21/Demo21brands1.js", "JavaScript", 0, 133, 0, 0, 0, 0, 0, 3, 136
"/Users/brunopaula/Desktop/fmb/website/fmb/src/components/olmo/demo21/Demo21content2.js", "JavaScript", 0, 57, 0, 0, 0, 0, 0, 2, 59
"/Users/brunopaula/Desktop/fmb/website/fmb/src/components/olmo/demo21/Demo21content2a.js", "JavaScript", 0, 57, 0, 0, 0, 0, 0, 2, 59
"/Users/brunopaula/Desktop/fmb/website/fmb/src/components/olmo/demo21/Demo21content5.js", "JavaScript", 0, 88, 0, 0, 0, 0, 0, 2, 90
"/Users/brunopaula/Desktop/fmb/website/fmb/src/components/olmo/demo21/Demo21content7.js", "JavaScript", 0, 65, 0, 0, 0, 0, 0, 2, 67
"/Users/brunopaula/Desktop/fmb/website/fmb/src/components/olmo/demo21/Demo21content9.js", "JavaScript", 0, 25, 0, 0, 0, 0, 0, 3, 28
"/Users/brunopaula/Desktop/fmb/website/fmb/src/components/olmo/demo21/Demo21cta11.js", "JavaScript", 0, 46, 0, 0, 0, 0, 0, 2, 48
"/Users/brunopaula/Desktop/fmb/website/fmb/src/components/olmo/demo21/Demo21faqs2.js", "JavaScript", 0, 151, 0, 0, 0, 0, 0, 2, 153
"/Users/brunopaula/Desktop/fmb/website/fmb/src/components/olmo/demo21/Demo21features8.js", "JavaScript", 0, 92, 0, 0, 0, 0, 0, 2, 94
"/Users/brunopaula/Desktop/fmb/website/fmb/src/components/olmo/demo21/Demo21hero21.js", "JavaScript", 0, 68, 0, 0, 0, 0, 0, 2, 70
"/Users/brunopaula/Desktop/fmb/website/fmb/src/components/olmo/demo21/Demo21newsletter2.js", "JavaScript", 0, 53, 0, 0, 0, 0, 0, 2, 55
"/Users/brunopaula/Desktop/fmb/website/fmb/src/components/olmo/demo21/Demo21projects2.js", "JavaScript", 0, 208, 0, 0, 0, 0, 0, 2, 210
"/Users/brunopaula/Desktop/fmb/website/fmb/src/components/olmo/demo21/Demo21reviews1.js", "JavaScript", 0, 402, 0, 0, 0, 0, 0, 3, 405
"/Users/brunopaula/Desktop/fmb/website/fmb/src/components/olmo/demo21/Demo21statistic1.js", "JavaScript", 0, 68, 0, 0, 0, 0, 0, 3, 71
"/Users/brunopaula/Desktop/fmb/website/fmb/src/components/olmo/demo21/Demo21tabs2.js", "JavaScript", 0, 83, 0, 0, 0, 0, 0, 2, 85
"/Users/brunopaula/Desktop/fmb/website/fmb/src/components/olmo/demo22/Demo22brands1.js", "JavaScript", 0, 133, 0, 0, 0, 0, 0, 3, 136
"/Users/brunopaula/Desktop/fmb/website/fmb/src/components/olmo/demo22/Demo22content2.js", "JavaScript", 0, 55, 0, 0, 0, 0, 0, 3, 58
"/Users/brunopaula/Desktop/fmb/website/fmb/src/components/olmo/demo22/Demo22content3.js", "JavaScript", 0, 176, 0, 0, 0, 0, 0, 3, 179
"/Users/brunopaula/Desktop/fmb/website/fmb/src/components/olmo/demo22/Demo22content6.js", "JavaScript", 0, 64, 0, 0, 0, 0, 0, 2, 66
"/Users/brunopaula/Desktop/fmb/website/fmb/src/components/olmo/demo22/Demo22content7.js", "JavaScript", 0, 65, 0, 0, 0, 0, 0, 2, 67
"/Users/brunopaula/Desktop/fmb/website/fmb/src/components/olmo/demo22/Demo22cta3.js", "JavaScript", 0, 42, 0, 0, 0, 0, 0, 2, 44
"/Users/brunopaula/Desktop/fmb/website/fmb/src/components/olmo/demo22/Demo22faqs2.js", "JavaScript", 0, 151, 0, 0, 0, 0, 0, 2, 153
"/Users/brunopaula/Desktop/fmb/website/fmb/src/components/olmo/demo22/Demo22features8.js", "JavaScript", 0, 88, 0, 0, 0, 0, 0, 2, 90
"/Users/brunopaula/Desktop/fmb/website/fmb/src/components/olmo/demo22/Demo22hero22.js", "JavaScript", 0, 49, 0, 0, 0, 0, 0, 2, 51
"/Users/brunopaula/Desktop/fmb/website/fmb/src/components/olmo/demo22/Demo22reviews1.js", "JavaScript", 0, 402, 0, 0, 0, 0, 0, 3, 405
"/Users/brunopaula/Desktop/fmb/website/fmb/src/components/olmo/demo22/Demo22statistic2.js", "JavaScript", 0, 53, 0, 0, 0, 0, 0, 3, 56
"/Users/brunopaula/Desktop/fmb/website/fmb/src/components/olmo/demo23/Demo23brands2.js", "JavaScript", 0, 146, 0, 0, 0, 0, 0, 2, 148
"/Users/brunopaula/Desktop/fmb/website/fmb/src/components/olmo/demo23/Demo23content2a.js", "JavaScript", 0, 55, 0, 0, 0, 0, 0, 2, 57
"/Users/brunopaula/Desktop/fmb/website/fmb/src/components/olmo/demo23/Demo23content3.js", "JavaScript", 0, 159, 0, 0, 0, 0, 0, 3, 162
"/Users/brunopaula/Desktop/fmb/website/fmb/src/components/olmo/demo23/Demo23content6.js", "JavaScript", 0, 64, 0, 0, 0, 0, 0, 2, 66
"/Users/brunopaula/Desktop/fmb/website/fmb/src/components/olmo/demo23/Demo23content7.js", "JavaScript", 0, 71, 0, 0, 0, 0, 0, 2, 73
"/Users/brunopaula/Desktop/fmb/website/fmb/src/components/olmo/demo23/Demo23cta11.js", "JavaScript", 0, 46, 0, 0, 0, 0, 0, 2, 48
"/Users/brunopaula/Desktop/fmb/website/fmb/src/components/olmo/demo23/Demo23faqs2.js", "JavaScript", 0, 151, 0, 0, 0, 0, 0, 2, 153
"/Users/brunopaula/Desktop/fmb/website/fmb/src/components/olmo/demo23/Demo23features8.js", "JavaScript", 0, 92, 0, 0, 0, 0, 0, 2, 94
"/Users/brunopaula/Desktop/fmb/website/fmb/src/components/olmo/demo23/Demo23hero23.js", "JavaScript", 0, 42, 0, 0, 0, 0, 0, 3, 45
"/Users/brunopaula/Desktop/fmb/website/fmb/src/components/olmo/demo23/Demo23projects2.js", "JavaScript", 0, 208, 0, 0, 0, 0, 0, 2, 210
"/Users/brunopaula/Desktop/fmb/website/fmb/src/components/olmo/demo23/Demo23reviews1.js", "JavaScript", 0, 402, 0, 0, 0, 0, 0, 3, 405
"/Users/brunopaula/Desktop/fmb/website/fmb/src/components/olmo/demo23/Demo23statistic3.js", "JavaScript", 0, 77, 0, 0, 0, 0, 0, 3, 80
"/Users/brunopaula/Desktop/fmb/website/fmb/src/components/olmo/demo23/Demo23statistic4.js", "JavaScript", 0, 68, 0, 0, 0, 0, 0, 3, 71
"/Users/brunopaula/Desktop/fmb/website/fmb/src/components/olmo/demo24/Demo24brands2.js", "JavaScript", 0, 147, 0, 0, 0, 0, 0, 2, 149
"/Users/brunopaula/Desktop/fmb/website/fmb/src/components/olmo/demo24/Demo24content10.js", "JavaScript", 0, 33, 0, 0, 0, 0, 0, 3, 36
"/Users/brunopaula/Desktop/fmb/website/fmb/src/components/olmo/demo24/Demo24content2.js", "JavaScript", 0, 83, 0, 0, 0, 0, 0, 3, 86
"/Users/brunopaula/Desktop/fmb/website/fmb/src/components/olmo/demo24/Demo24content3.js", "JavaScript", 0, 168, 0, 0, 0, 0, 0, 3, 171
"/Users/brunopaula/Desktop/fmb/website/fmb/src/components/olmo/demo24/Demo24content6.js", "JavaScript", 0, 64, 0, 0, 0, 0, 0, 2, 66
"/Users/brunopaula/Desktop/fmb/website/fmb/src/components/olmo/demo24/Demo24content7.js", "JavaScript", 0, 65, 0, 0, 0, 0, 0, 2, 67
"/Users/brunopaula/Desktop/fmb/website/fmb/src/components/olmo/demo24/Demo24cta11.js", "JavaScript", 0, 47, 0, 0, 0, 0, 0, 2, 49
"/Users/brunopaula/Desktop/fmb/website/fmb/src/components/olmo/demo24/Demo24faqs2.js", "JavaScript", 0, 158, 0, 0, 0, 0, 0, 2, 160
"/Users/brunopaula/Desktop/fmb/website/fmb/src/components/olmo/demo24/Demo24features4.js", "JavaScript", 0, 154, 0, 0, 0, 0, 0, 2, 156
"/Users/brunopaula/Desktop/fmb/website/fmb/src/components/olmo/demo24/Demo24features8.js", "JavaScript", 0, 95, 0, 0, 0, 0, 0, 2, 97
"/Users/brunopaula/Desktop/fmb/website/fmb/src/components/olmo/demo24/Demo24hero6.js", "JavaScript", 0, 79, 0, 0, 0, 0, 0, 2, 81
"/Users/brunopaula/Desktop/fmb/website/fmb/src/components/olmo/demo24/Demo24pricing2.js", "JavaScript", 0, 234, 0, 0, 0, 0, 0, 2, 236
"/Users/brunopaula/Desktop/fmb/website/fmb/src/components/olmo/demo24/Demo24projects2.js", "JavaScript", 0, 218, 0, 0, 0, 0, 0, 3, 221
"/Users/brunopaula/Desktop/fmb/website/fmb/src/components/olmo/demo24/Demo24reviews4.js", "JavaScript", 0, 382, 0, 0, 0, 0, 0, 3, 385
"/Users/brunopaula/Desktop/fmb/website/fmb/src/components/olmo/demo24/Demo24statistic1.js", "JavaScript", 0, 74, 0, 0, 0, 0, 0, 3, 77
"/Users/brunopaula/Desktop/fmb/website/fmb/src/components/olmo/demo24/Demo24statistic2.js", "JavaScript", 0, 51, 0, 0, 0, 0, 0, 3, 54
"/Users/brunopaula/Desktop/fmb/website/fmb/src/components/olmo/demo25/Demo25blog1.js", "JavaScript", 0, 145, 0, 0, 0, 0, 0, 2, 147
"/Users/brunopaula/Desktop/fmb/website/fmb/src/components/olmo/demo25/Demo25brands2.js", "JavaScript", 0, 147, 0, 0, 0, 0, 0, 2, 149
"/Users/brunopaula/Desktop/fmb/website/fmb/src/components/olmo/demo25/Demo25content2.js", "JavaScript", 0, 63, 0, 0, 0, 0, 0, 3, 66
"/Users/brunopaula/Desktop/fmb/website/fmb/src/components/olmo/demo25/Demo25content3.js", "JavaScript", 0, 130, 0, 0, 0, 0, 0, 2, 132
"/Users/brunopaula/Desktop/fmb/website/fmb/src/components/olmo/demo25/Demo25content5.js", "JavaScript", 0, 64, 0, 0, 0, 0, 0, 2, 66
"/Users/brunopaula/Desktop/fmb/website/fmb/src/components/olmo/demo25/Demo25content6.js", "JavaScript", 0, 64, 0, 0, 0, 0, 0, 2, 66
"/Users/brunopaula/Desktop/fmb/website/fmb/src/components/olmo/demo25/Demo25content7.js", "JavaScript", 0, 69, 0, 0, 0, 0, 0, 2, 71
"/Users/brunopaula/Desktop/fmb/website/fmb/src/components/olmo/demo25/Demo25cta11.js", "JavaScript", 0, 47, 0, 0, 0, 0, 0, 2, 49
"/Users/brunopaula/Desktop/fmb/website/fmb/src/components/olmo/demo25/Demo25faqs2.js", "JavaScript", 0, 160, 0, 0, 0, 0, 0, 2, 162
"/Users/brunopaula/Desktop/fmb/website/fmb/src/components/olmo/demo25/Demo25features4.js", "JavaScript", 0, 199, 0, 0, 0, 0, 0, 2, 201
"/Users/brunopaula/Desktop/fmb/website/fmb/src/components/olmo/demo25/Demo25features8.js", "JavaScript", 0, 95, 0, 0, 0, 0, 0, 2, 97
"/Users/brunopaula/Desktop/fmb/website/fmb/src/components/olmo/demo25/Demo25hero10.js", "JavaScript", 0, 42, 0, 0, 0, 0, 0, 3, 45
"/Users/brunopaula/Desktop/fmb/website/fmb/src/components/olmo/demo25/Demo25newsletter2.js", "JavaScript", 0, 53, 0, 0, 0, 0, 0, 2, 55
"/Users/brunopaula/Desktop/fmb/website/fmb/src/components/olmo/demo25/Demo25reviews4.js", "JavaScript", 0, 385, 0, 0, 0, 0, 0, 3, 388
"/Users/brunopaula/Desktop/fmb/website/fmb/src/components/olmo/demo25/Demo25statistic2.js", "JavaScript", 0, 50, 0, 0, 0, 0, 0, 3, 53
"/Users/brunopaula/Desktop/fmb/website/fmb/src/components/olmo/demo26/Demo26content1.js", "JavaScript", 0, 111, 0, 0, 0, 0, 0, 3, 114
"/Users/brunopaula/Desktop/fmb/website/fmb/src/components/olmo/demo26/Demo26content10.js", "JavaScript", 0, 64, 0, 0, 0, 0, 0, 3, 67
"/Users/brunopaula/Desktop/fmb/website/fmb/src/components/olmo/demo26/Demo26content2.js", "JavaScript", 0, 49, 0, 0, 0, 0, 0, 2, 51
"/Users/brunopaula/Desktop/fmb/website/fmb/src/components/olmo/demo26/Demo26content2a.js", "JavaScript", 0, 59, 0, 0, 0, 0, 0, 2, 61
"/Users/brunopaula/Desktop/fmb/website/fmb/src/components/olmo/demo26/Demo26content3.js", "JavaScript", 0, 148, 0, 0, 0, 0, 0, 2, 150
"/Users/brunopaula/Desktop/fmb/website/fmb/src/components/olmo/demo26/Demo26content4.js", "JavaScript", 0, 68, 0, 0, 0, 0, 0, 2, 70
"/Users/brunopaula/Desktop/fmb/website/fmb/src/components/olmo/demo26/Demo26content5.js", "JavaScript", 0, 90, 0, 0, 0, 0, 0, 2, 92
"/Users/brunopaula/Desktop/fmb/website/fmb/src/components/olmo/demo26/Demo26content6.js", "JavaScript", 0, 41, 0, 0, 0, 0, 0, 2, 43
"/Users/brunopaula/Desktop/fmb/website/fmb/src/components/olmo/demo26/Demo26content9.js", "JavaScript", 0, 30, 0, 0, 0, 0, 0, 3, 33
"/Users/brunopaula/Desktop/fmb/website/fmb/src/components/olmo/demo26/Demo26faqs2.js", "JavaScript", 0, 160, 0, 0, 0, 0, 0, 2, 162
"/Users/brunopaula/Desktop/fmb/website/fmb/src/components/olmo/demo26/Demo26features2.js", "JavaScript", 0, 91, 0, 0, 0, 0, 0, 2, 93
"/Users/brunopaula/Desktop/fmb/website/fmb/src/components/olmo/demo26/Demo26features8.js", "JavaScript", 0, 95, 0, 0, 0, 0, 0, 2, 97
"/Users/brunopaula/Desktop/fmb/website/fmb/src/components/olmo/demo26/Demo26hero1.js", "JavaScript", 0, 72, 0, 0, 0, 0, 0, 3, 75
"/Users/brunopaula/Desktop/fmb/website/fmb/src/components/olmo/demo26/Demo26reviews1.js", "JavaScript", 0, 413, 0, 0, 0, 0, 0, 3, 416
"/Users/brunopaula/Desktop/fmb/website/fmb/src/components/olmo/demo26/Demo26statistic2.js", "JavaScript", 0, 50, 0, 0, 0, 0, 0, 3, 53
"/Users/brunopaula/Desktop/fmb/website/fmb/src/components/olmo/demo3/Demo3brands1.js", "JavaScript", 0, 124, 0, 0, 0, 0, 0, 3, 127
"/Users/brunopaula/Desktop/fmb/website/fmb/src/components/olmo/demo3/Demo3content1.js", "JavaScript", 0, 59, 0, 0, 0, 0, 0, 2, 61
"/Users/brunopaula/Desktop/fmb/website/fmb/src/components/olmo/demo3/Demo3content10.js", "JavaScript", 0, 65, 0, 0, 0, 0, 0, 3, 68
"/Users/brunopaula/Desktop/fmb/website/fmb/src/components/olmo/demo3/Demo3content2.js", "JavaScript", 0, 49, 0, 0, 0, 0, 0, 2, 51
"/Users/brunopaula/Desktop/fmb/website/fmb/src/components/olmo/demo3/Demo3content2a.js", "JavaScript", 0, 57, 0, 0, 0, 0, 0, 2, 59
"/Users/brunopaula/Desktop/fmb/website/fmb/src/components/olmo/demo3/Demo3content3.js", "JavaScript", 0, 178, 0, 0, 0, 0, 0, 3, 181
"/Users/brunopaula/Desktop/fmb/website/fmb/src/components/olmo/demo3/Demo3content6.js", "JavaScript", 0, 64, 0, 0, 0, 0, 0, 2, 66
"/Users/brunopaula/Desktop/fmb/website/fmb/src/components/olmo/demo3/Demo3content7.js", "JavaScript", 0, 65, 0, 0, 0, 0, 0, 2, 67
"/Users/brunopaula/Desktop/fmb/website/fmb/src/components/olmo/demo3/Demo3cta4.js", "JavaScript", 0, 44, 0, 0, 0, 0, 0, 2, 46
"/Users/brunopaula/Desktop/fmb/website/fmb/src/components/olmo/demo3/Demo3faqs2.js", "JavaScript", 0, 151, 0, 0, 0, 0, 0, 2, 153
"/Users/brunopaula/Desktop/fmb/website/fmb/src/components/olmo/demo3/Demo3features4.js", "JavaScript", 0, 166, 0, 0, 0, 0, 0, 2, 168
"/Users/brunopaula/Desktop/fmb/website/fmb/src/components/olmo/demo3/Demo3features8.js", "JavaScript", 0, 92, 0, 0, 0, 0, 0, 2, 94
"/Users/brunopaula/Desktop/fmb/website/fmb/src/components/olmo/demo3/Demo3hero3.js", "JavaScript", 0, 72, 0, 0, 0, 0, 0, 3, 75
"/Users/brunopaula/Desktop/fmb/website/fmb/src/components/olmo/demo3/Demo3pricing2.js", "JavaScript", 0, 252, 0, 0, 0, 0, 0, 2, 254
"/Users/brunopaula/Desktop/fmb/website/fmb/src/components/olmo/demo3/Demo3reviews1.js", "JavaScript", 0, 373, 0, 0, 0, 0, 0, 2, 375
"/Users/brunopaula/Desktop/fmb/website/fmb/src/components/olmo/demo3/Demo3statistic3.js", "JavaScript", 0, 77, 0, 0, 0, 0, 0, 3, 80
"/Users/brunopaula/Desktop/fmb/website/fmb/src/components/olmo/demo3/Demo3statistic4.js", "JavaScript", 0, 74, 0, 0, 0, 0, 0, 3, 77
"/Users/brunopaula/Desktop/fmb/website/fmb/src/components/olmo/demo4/Demo4blog1.js", "JavaScript", 0, 146, 0, 0, 0, 0, 0, 3, 149
"/Users/brunopaula/Desktop/fmb/website/fmb/src/components/olmo/demo4/Demo4brands2.js", "JavaScript", 0, 146, 0, 0, 0, 0, 0, 2, 148
"/Users/brunopaula/Desktop/fmb/website/fmb/src/components/olmo/demo4/Demo4content1.js", "JavaScript", 0, 61, 0, 0, 0, 0, 0, 2, 63
"/Users/brunopaula/Desktop/fmb/website/fmb/src/components/olmo/demo4/Demo4content10.js", "JavaScript", 0, 54, 0, 0, 0, 0, 0, 3, 57
"/Users/brunopaula/Desktop/fmb/website/fmb/src/components/olmo/demo4/Demo4content2.js", "JavaScript", 0, 59, 0, 0, 0, 0, 0, 2, 61
"/Users/brunopaula/Desktop/fmb/website/fmb/src/components/olmo/demo4/Demo4content3.js", "JavaScript", 0, 117, 0, 0, 0, 0, 0, 2, 119
"/Users/brunopaula/Desktop/fmb/website/fmb/src/components/olmo/demo4/Demo4content6.js", "JavaScript", 0, 64, 0, 0, 0, 0, 0, 2, 66
"/Users/brunopaula/Desktop/fmb/website/fmb/src/components/olmo/demo4/Demo4content7.js", "JavaScript", 0, 65, 0, 0, 0, 0, 0, 2, 67
"/Users/brunopaula/Desktop/fmb/website/fmb/src/components/olmo/demo4/Demo4cta10.js", "JavaScript", 0, 49, 0, 0, 0, 0, 0, 2, 51
"/Users/brunopaula/Desktop/fmb/website/fmb/src/components/olmo/demo4/Demo4features3.js", "JavaScript", 0, 144, 0, 0, 0, 0, 0, 2, 146
"/Users/brunopaula/Desktop/fmb/website/fmb/src/components/olmo/demo4/Demo4hero4.js", "JavaScript", 0, 114, 0, 0, 0, 0, 0, 2, 116
"/Users/brunopaula/Desktop/fmb/website/fmb/src/components/olmo/demo4/Demo4newsletter2.js", "JavaScript", 0, 50, 0, 0, 0, 0, 0, 2, 52
"/Users/brunopaula/Desktop/fmb/website/fmb/src/components/olmo/demo4/Demo4projects2.js", "JavaScript", 0, 208, 0, 0, 0, 0, 0, 3, 211
"/Users/brunopaula/Desktop/fmb/website/fmb/src/components/olmo/demo4/Demo4reviews4.js", "JavaScript", 0, 343, 0, 0, 0, 0, 0, 2, 345
"/Users/brunopaula/Desktop/fmb/website/fmb/src/components/olmo/demo4/Demo4statistic2.js", "JavaScript", 0, 56, 0, 0, 0, 0, 0, 3, 59
"/Users/brunopaula/Desktop/fmb/website/fmb/src/components/olmo/demo5/Demo5brands2.js", "JavaScript", 0, 146, 0, 0, 0, 0, 0, 2, 148
"/Users/brunopaula/Desktop/fmb/website/fmb/src/components/olmo/demo5/Demo5content10.js", "JavaScript", 0, 42, 0, 0, 0, 0, 0, 4, 46
"/Users/brunopaula/Desktop/fmb/website/fmb/src/components/olmo/demo5/Demo5content2.js", "JavaScript", 0, 71, 0, 0, 0, 0, 0, 2, 73
"/Users/brunopaula/Desktop/fmb/website/fmb/src/components/olmo/demo5/Demo5content2a.js", "JavaScript", 0, 57, 0, 0, 0, 0, 0, 2, 59
"/Users/brunopaula/Desktop/fmb/website/fmb/src/components/olmo/demo5/Demo5content3.js", "JavaScript", 0, 161, 0, 0, 0, 0, 0, 3, 164
"/Users/brunopaula/Desktop/fmb/website/fmb/src/components/olmo/demo5/Demo5content6.js", "JavaScript", 0, 64, 0, 0, 0, 0, 0, 2, 66
"/Users/brunopaula/Desktop/fmb/website/fmb/src/components/olmo/demo5/Demo5cta11.js", "JavaScript", 0, 46, 0, 0, 0, 0, 0, 2, 48
"/Users/brunopaula/Desktop/fmb/website/fmb/src/components/olmo/demo5/Demo5features4.js", "JavaScript", 0, 181, 0, 0, 0, 0, 0, 2, 183
"/Users/brunopaula/Desktop/fmb/website/fmb/src/components/olmo/demo5/Demo5features8.js", "JavaScript", 0, 95, 0, 0, 0, 0, 0, 2, 97
"/Users/brunopaula/Desktop/fmb/website/fmb/src/components/olmo/demo5/Demo5hero1.js", "JavaScript", 0, 50, 0, 0, 0, 0, 0, 2, 52
"/Users/brunopaula/Desktop/fmb/website/fmb/src/components/olmo/demo5/Demo5statistic2.js", "JavaScript", 0, 56, 0, 0, 0, 0, 0, 3, 59
"/Users/brunopaula/Desktop/fmb/website/fmb/src/components/olmo/demo6/Demo6Price.js", "JavaScript", 0, 258, 0, 0, 0, 0, 0, 2, 260
"/Users/brunopaula/Desktop/fmb/website/fmb/src/components/olmo/demo6/Demo6brands2.js", "JavaScript", 0, 146, 0, 0, 0, 0, 0, 2, 148
"/Users/brunopaula/Desktop/fmb/website/fmb/src/components/olmo/demo6/Demo6content-2.js", "JavaScript", 0, 82, 0, 0, 0, 0, 0, 3, 85
"/Users/brunopaula/Desktop/fmb/website/fmb/src/components/olmo/demo6/Demo6content10.js", "JavaScript", 0, 36, 0, 0, 0, 0, 0, 4, 40
"/Users/brunopaula/Desktop/fmb/website/fmb/src/components/olmo/demo6/Demo6content3.js", "JavaScript", 0, 162, 0, 0, 0, 0, 0, 3, 165
"/Users/brunopaula/Desktop/fmb/website/fmb/src/components/olmo/demo6/Demo6content6.js", "JavaScript", 0, 64, 0, 0, 0, 0, 0, 2, 66
"/Users/brunopaula/Desktop/fmb/website/fmb/src/components/olmo/demo6/Demo6content7.js", "JavaScript", 0, 62, 0, 0, 0, 0, 0, 2, 64
"/Users/brunopaula/Desktop/fmb/website/fmb/src/components/olmo/demo6/Demo6cta11.js", "JavaScript", 0, 46, 0, 0, 0, 0, 0, 2, 48
"/Users/brunopaula/Desktop/fmb/website/fmb/src/components/olmo/demo6/Demo6features4.js", "JavaScript", 0, 148, 0, 0, 0, 0, 0, 2, 150
"/Users/brunopaula/Desktop/fmb/website/fmb/src/components/olmo/demo6/Demo6hero6.js", "JavaScript", 0, 79, 0, 0, 0, 0, 0, 2, 81
"/Users/brunopaula/Desktop/fmb/website/fmb/src/components/olmo/demo6/Demo6projects2.js", "JavaScript", 0, 208, 0, 0, 0, 0, 0, 3, 211
"/Users/brunopaula/Desktop/fmb/website/fmb/src/components/olmo/demo6/Demo6reviews4.js", "JavaScript", 0, 372, 0, 0, 0, 0, 0, 3, 375
"/Users/brunopaula/Desktop/fmb/website/fmb/src/components/olmo/demo6/Demo6statistic1.js", "JavaScript", 0, 69, 0, 0, 0, 0, 0, 3, 72
"/Users/brunopaula/Desktop/fmb/website/fmb/src/components/olmo/demo6/Demostatistic2.js", "JavaScript", 0, 53, 0, 0, 0, 0, 0, 3, 56
"/Users/brunopaula/Desktop/fmb/website/fmb/src/components/olmo/demo7/Demo7brands2.js", "JavaScript", 0, 146, 0, 0, 0, 0, 0, 2, 148
"/Users/brunopaula/Desktop/fmb/website/fmb/src/components/olmo/demo7/Demo7content1.js", "JavaScript", 0, 59, 0, 0, 0, 0, 0, 2, 61
"/Users/brunopaula/Desktop/fmb/website/fmb/src/components/olmo/demo7/Demo7content2.js", "JavaScript", 0, 74, 0, 0, 0, 0, 0, 3, 77
"/Users/brunopaula/Desktop/fmb/website/fmb/src/components/olmo/demo7/Demo7content3.js", "JavaScript", 0, 158, 0, 0, 0, 0, 0, 2, 160
"/Users/brunopaula/Desktop/fmb/website/fmb/src/components/olmo/demo7/Demo7content6.js", "JavaScript", 0, 64, 0, 0, 0, 0, 0, 2, 66
"/Users/brunopaula/Desktop/fmb/website/fmb/src/components/olmo/demo7/Demo7content9.js", "JavaScript", 0, 37, 0, 0, 0, 0, 0, 3, 40
"/Users/brunopaula/Desktop/fmb/website/fmb/src/components/olmo/demo7/Demo7cta11.js", "JavaScript", 0, 44, 0, 0, 0, 0, 0, 2, 46
"/Users/brunopaula/Desktop/fmb/website/fmb/src/components/olmo/demo7/Demo7features5.js", "JavaScript", 0, 65, 0, 0, 0, 0, 0, 2, 67
"/Users/brunopaula/Desktop/fmb/website/fmb/src/components/olmo/demo7/Demo7features6.js", "JavaScript", 0, 109, 0, 0, 0, 0, 0, 2, 111
"/Users/brunopaula/Desktop/fmb/website/fmb/src/components/olmo/demo7/Demo7hero7.js", "JavaScript", 0, 70, 0, 0, 0, 0, 0, 3, 73
"/Users/brunopaula/Desktop/fmb/website/fmb/src/components/olmo/demo7/Demo7newsletter1.js", "JavaScript", 0, 54, 0, 0, 0, 0, 0, 2, 56
"/Users/brunopaula/Desktop/fmb/website/fmb/src/components/olmo/demo7/Demo7projects2.js", "JavaScript", 0, 208, 0, 0, 0, 0, 0, 2, 210
"/Users/brunopaula/Desktop/fmb/website/fmb/src/components/olmo/demo7/Demo7reviews3.js", "JavaScript", 0, 122, 0, 0, 0, 0, 0, 2, 124
"/Users/brunopaula/Desktop/fmb/website/fmb/src/components/olmo/demo8/Demo8Hero.js", "JavaScript", 0, 79, 0, 0, 0, 0, 0, 2, 81
"/Users/brunopaula/Desktop/fmb/website/fmb/src/components/olmo/demo8/Demo8brands2.js", "JavaScript", 0, 146, 0, 0, 0, 0, 0, 2, 148
"/Users/brunopaula/Desktop/fmb/website/fmb/src/components/olmo/demo8/Demo8content1.js", "JavaScript", 0, 59, 0, 0, 0, 0, 0, 2, 61
"/Users/brunopaula/Desktop/fmb/website/fmb/src/components/olmo/demo8/Demo8content10.js", "JavaScript", 0, 40, 0, 0, 0, 0, 0, 3, 43
"/Users/brunopaula/Desktop/fmb/website/fmb/src/components/olmo/demo8/Demo8content2.js", "JavaScript", 0, 59, 0, 0, 0, 0, 0, 2, 61
"/Users/brunopaula/Desktop/fmb/website/fmb/src/components/olmo/demo8/Demo8content2a.js", "JavaScript", 0, 59, 0, 0, 0, 0, 0, 2, 61
"/Users/brunopaula/Desktop/fmb/website/fmb/src/components/olmo/demo8/Demo8content3.js", "JavaScript", 0, 176, 0, 0, 0, 0, 0, 2, 178
"/Users/brunopaula/Desktop/fmb/website/fmb/src/components/olmo/demo8/Demo8content5.js", "JavaScript", 0, 54, 0, 0, 0, 0, 0, 2, 56
"/Users/brunopaula/Desktop/fmb/website/fmb/src/components/olmo/demo8/Demo8cta3.js", "JavaScript", 0, 42, 0, 0, 0, 0, 0, 2, 44
"/Users/brunopaula/Desktop/fmb/website/fmb/src/components/olmo/demo8/Demo8features4.js", "JavaScript", 0, 104, 0, 0, 0, 0, 0, 2, 106
"/Users/brunopaula/Desktop/fmb/website/fmb/src/components/olmo/demo8/Demo8features5.js", "JavaScript", 0, 65, 0, 0, 0, 0, 0, 2, 67
"/Users/brunopaula/Desktop/fmb/website/fmb/src/components/olmo/demo8/Demo8pricing3.js", "JavaScript", 0, 196, 0, 0, 0, 0, 0, 2, 198
"/Users/brunopaula/Desktop/fmb/website/fmb/src/components/olmo/demo8/Demo8reviews1.js", "JavaScript", 0, 402, 0, 0, 0, 0, 0, 3, 405
"/Users/brunopaula/Desktop/fmb/website/fmb/src/components/olmo/demo8/Demo8statistic4.js", "JavaScript", 0, 69, 0, 0, 0, 0, 0, 3, 72
"/Users/brunopaula/Desktop/fmb/website/fmb/src/components/olmo/demo8/Democontent6.js", "JavaScript", 0, 79, 0, 0, 0, 0, 0, 2, 81
"/Users/brunopaula/Desktop/fmb/website/fmb/src/components/olmo/demo9/Demo9brands2.js", "JavaScript", 0, 146, 0, 0, 0, 0, 0, 2, 148
"/Users/brunopaula/Desktop/fmb/website/fmb/src/components/olmo/demo9/Demo9content10a.js", "JavaScript", 0, 53, 0, 0, 0, 0, 0, 3, 56
"/Users/brunopaula/Desktop/fmb/website/fmb/src/components/olmo/demo9/Demo9content2.js", "JavaScript", 0, 55, 0, 0, 0, 0, 0, 3, 58
"/Users/brunopaula/Desktop/fmb/website/fmb/src/components/olmo/demo9/Demo9content3.js", "JavaScript", 0, 159, 0, 0, 0, 0, 0, 2, 161
"/Users/brunopaula/Desktop/fmb/website/fmb/src/components/olmo/demo9/Demo9content5.js", "JavaScript", 0, 57, 0, 0, 0, 0, 0, 2, 59
"/Users/brunopaula/Desktop/fmb/website/fmb/src/components/olmo/demo9/Demo9content6.js", "JavaScript", 0, 43, 0, 0, 0, 0, 0, 2, 45
"/Users/brunopaula/Desktop/fmb/website/fmb/src/components/olmo/demo9/Demo9content7.js", "JavaScript", 0, 69, 0, 0, 0, 0, 0, 2, 71
"/Users/brunopaula/Desktop/fmb/website/fmb/src/components/olmo/demo9/Demo9features4.js", "JavaScript", 0, 165, 0, 0, 0, 0, 0, 2, 167
"/Users/brunopaula/Desktop/fmb/website/fmb/src/components/olmo/demo9/Demo9features8.js", "JavaScript", 0, 87, 0, 0, 0, 0, 0, 2, 89
"/Users/brunopaula/Desktop/fmb/website/fmb/src/components/olmo/demo9/Demo9hero9.js", "JavaScript", 0, 79, 0, 0, 0, 0, 0, 2, 81
"/Users/brunopaula/Desktop/fmb/website/fmb/src/components/olmo/demo9/Demo9pricing3.js", "JavaScript", 0, 191, 0, 0, 0, 0, 0, 2, 193
"/Users/brunopaula/Desktop/fmb/website/fmb/src/components/olmo/demo9/Demo9statistic4.js", "JavaScript", 0, 68, 0, 0, 0, 0, 0, 2, 70
"/Users/brunopaula/Desktop/fmb/website/fmb/src/components/olmo/demo9/Democontent10.js", "JavaScript", 0, 66, 0, 0, 0, 0, 0, 3, 69
"/Users/brunopaula/Desktop/fmb/website/fmb/src/components/olmo/demo9/Democta4.js", "JavaScript", 0, 44, 0, 0, 0, 0, 0, 2, 46
"/Users/brunopaula/Desktop/fmb/website/fmb/src/components/olmo/demo9/Demoreviews1.js", "JavaScript", 0, 397, 0, 0, 0, 0, 0, 3, 400
"/Users/brunopaula/Desktop/fmb/website/fmb/src/context/video.js", "JavaScript", 0, 47, 0, 0, 0, 0, 0, 10, 57
"/Users/brunopaula/Desktop/fmb/website/fmb/src/layout/Footer.js", "JavaScript", 0, 168, 0, 0, 0, 0, 0, 2, 170
"/Users/brunopaula/Desktop/fmb/website/fmb/src/layout/Header.js", "JavaScript", 0, 220, 0, 0, 0, 0, 23, 7, 250
"/Users/brunopaula/Desktop/fmb/website/fmb/src/layout/Layout.js", "JavaScript", 0, 41, 0, 0, 0, 0, 0, 4, 45
"/Users/brunopaula/Desktop/fmb/website/fmb/src/layout/PreLoader.js", "JavaScript", 0, 15, 0, 0, 0, 0, 0, 2, 17
"/Users/brunopaula/Desktop/fmb/website/fmb/src/layout/RtlFooter.js", "JavaScript", 0, 192, 0, 0, 0, 0, 0, 2, 194
"/Users/brunopaula/Desktop/fmb/website/fmb/src/layout/RtlHeader.js", "JavaScript", 0, 331, 0, 0, 0, 0, 5, 6, 342
"/Users/brunopaula/Desktop/fmb/website/fmb/src/layout/RtlLayout.js", "JavaScript", 0, 35, 0, 0, 0, 0, 0, 3, 38
"/Users/brunopaula/Desktop/fmb/website/fmb/src/layout/ScrollTop.js", "JavaScript", 0, 31, 0, 0, 0, 0, 0, 5, 36
"/Users/brunopaula/Desktop/fmb/website/fmb/src/utils/useClickOutside.js", "JavaScript", 0, 36, 0, 0, 0, 0, 0, 11, 47
"/Users/brunopaula/Desktop/fmb/website/fmb/src/utils/utils.js", "JavaScript", 0, 59, 0, 0, 0, 0, 0, 5, 64
"/Users/brunopaula/Desktop/fmb/website/fmb/styles/colors.css", "CSS", 0, 0, 5, 0, 0, 0, 0, 1, 6
"/Users/brunopaula/Desktop/fmb/website/fmb/styles/custom.css", "CSS", 0, 0, 139, 0, 0, 0, 18, 31, 188
"/Users/brunopaula/Desktop/fmb/website/fmb/styles/faq.css", "CSS", 0, 0, 24, 0, 0, 0, 1, 5, 30
"/Users/brunopaula/Desktop/fmb/website/fmb/styles/globals.css", "CSS", 0, 0, 15, 0, 0, 0, 1, 4, 20
"/Users/brunopaula/Desktop/fmb/website/fmb/tailwind.config.js", "JavaScript", 0, 19, 0, 0, 0, 0, 0, 1, 20
"/Users/brunopaula/Desktop/fmb/website/fmb/test.json", "JSON", 0, 0, 0, 17628, 0, 0, 0, 1, 17629
"Total", "-", 473, 52324, 28756, 17665, 25, 1554, 1651, 4578, 107026